№ п/п,Комбинат,Местоположение,Название должности,Требования,Обязанности,Условия работы,Зарплата,Категория позиции,Тип занятости:,График работы,Сфера деятельности,Кому направить резюме (e-mail),,1/10/2020
1,"СВЕЗА Тюмень
(Усть-Ишимский филиал )",Мантурово,Машинист крана ,"• Среднее-профессиональное образование;
• Опыт работы не менее 1 года;
• Квалификационное свидетельство машиниста консольно-козлового крана.","• Управление консольно-козловыми кранами;
• Осмотр и обслуживание грузоподъемного крана;
• Подача фанерного сырья в производство;
• Выгрузка фанерного сырья и дров из ж/д вагонов и платформ и автомашин;
• Подбор выпавших одиночных бревен, вагонных стоек, ж/д прокладок, проволоки;
• Подбор и укладка в тележку или в штабель одиночных бревен;
• Подача круглых л/м из штабелей кранам;
• Подбор упавших круглых л/м в зоне работы крана, складирование сырья;
• Подача сырья краном из вагонов или а/машин на сортировочную площадку;
• Очистка варочных бассейнов с помощью грязевого грейфера;
• Разбор круглого леса из штабелей с формированием пачки;
• Складирование увязанных пучков сырья в запас;
• Участие в ремонте крана.
","• Работа в крупной динамично развивающейся компании, лидере на рынке деревообработки в России;
• Перспектива профессионального и карьерного роста;
• Трудоустройство в соответствии с ТК РФ;
• Компенсационный пакет: спецодежда;
• Место работы: Омская обл., Усть-Ишимский р-н, с. Усть-Ишим, ул. Комсомольская, д.69а",-,Рабочие,Полная занятость,Сменный график,Производство,lp.smutok@sveza.com,• lp.smutok@sveza.com  [color=violet](эл пи точка смуток собака свеза точка ком)[/color],
2,"СВЕЗА Тюмень
(Усть-Ишимский филиал )",Усть-Ишим,Слесарь-электрик  ,"• Среднее профессиональное образование;
• Опыт работы по специальности не менее  2- х  лет;
• Группа по электробезопасности IV.","• Обеспечение исправного состояния, безаварийную и  надёжную работу обслуживаемых устройств и оборудования, правильную их эксплуатацию, своевременный и качественный ремонт  оборудования;
• Соблюдение правил охраны труда, промышленной безопасности и техники безопасности;
• Оказание помощи в монтаже, ремонте и наладке  устройств и систем автоматического управления и регулирования технологических процессов.                                                                    ","• Работа в крупной динамично развивающейся компании, лидере на рынке деревообработки в России;
• Перспектива профессионального и карьерного роста;
• Трудоустройство в соответствии с ТК РФ;
• Компенсационный пакет: спецодежда;
• Место работы: Омская обл., Усть-Ишимский р-н, с. Усть-Ишим, ул. Комсомольская, д.69а",-,Рабочие,Полная занятость,Сменный график,Техническое развитие ,lp.smutok@sveza.com,• lp.smutok@sveza.com  [color=violet](эл пи точка смуток собака свеза точка ком)[/color],
3,"СВЕЗА Тюмень
(Усть-Ишимский филиал )",Усть-Ишим,Слесарь-ремонтник,"• Начальное профессиональное образование;
• Знание слесарного дела;
• Опыт работы от 1 года.","• Ремонт, обслуживание и содержание в исправном состоянии технологического оборудования;
• Испытание, регулирование, наладка оборудования;
• Выявление и устранение неполадок и дефектов во время эксплуатации оборудования;
• Соблюдение правил промышленной безопасности, охраны труда и противопожарной безопасности.","• Работа в крупной динамично развивающейся компании, лидере на рынке деревообработки в России;
• Перспектива профессионального и карьерного роста;
• Трудоустройство в соответствии с ТК РФ;
• Компенсационный пакет: спецодежда;
• Место работы: Омская обл., Усть-Ишимский р-н, с. Усть-Ишим, ул. Комсомольская, д.69а",-,Рабочие,Полная занятость,Сменный график,Техническое развитие ,lp.smutok@sveza.com,• lp.smutok@sveza.com  [color=violet](эл пи точка смуток собака свеза точка ком)[/color],
4,"СВЕЗА Тюмень
(Усть-Ишимский филиал )",Усть-Ишим,Инженер-электроник,"• Среднее (специальное/техническое) образование;
• Опыт работы связанный с обслуживанием электронной техники от 2-х лет.","• Поддержка в исправном состоянии обслуживаемых устройств и оборудования, правильная их эксплуатация, своевременный качественный ремонт;
• Диагностика и ремонт производственного оборудования, электронно-механических проблем и неисправностей на оборудовании;
• Наладка элементов и блоков электронно-вычислительных машин, радиоэлектронной аппаратуры;
• Учет и анализ показателей использования электронного оборудования.","• Работа в крупной динамично развивающейся компании, лидере на рынке деревообработки в России;
• Перспектива профессионального и карьерного роста;
• Трудоустройство в соответствии с ТК РФ;
• Компенсационный пакет: спецодежда;
• Место работы: Омская обл., Усть-Ишимский р-н, с. Усть-Ишим, ул. Комсомольская, д.69а",-,РСС,Полная занятость,Полный день,Техническое развитие ,lp.smutok@sveza.com,• lp.smutok@sveza.com  [color=violet](эл пи точка смуток собака свеза точка ком)[/color],
5,"СВЕЗА Тюмень
(Усть-Ишимский филиал )",Усть-Ишим,Машинист котельной,"• Среднее-профессиональное образование;
• Опыт работы не менее 1 года;
• Навыки работы с котельным оборудованием на твердом топливе.","• Осуществление процесса сжигания жидкого и газообразного топлива в топках печей (в том числе загрузку топлива вручную)
• регулирование процесса  дутья, тяги и температурного режима на обслуживаемом оборудовании с помощью пульта
•  подготовка оборудование и топливо к работе: чистит топки от шлака и золы,  форсунки, проверяет исправность кладки колосников топки, состояние и работу шиберов, исправность искроуловительных устройств, состояние форсунок, вентиляторов, пусковой, регулирующей и контрольно-измерительной аппаратуры и пр.
• выбирает на приборах режимы работы топок.
• наблюдает визуально за работой топок, газовой коммуникации, воздуходувок и т. п.
 текущий ремонт обслуживаемого оборудования.","• Работа в крупной динамично развивающейся компании, лидере на рынке деревообработки в России;
• Перспектива профессионального и карьерного роста;
• Трудоустройство в соответствии с ТК РФ;
• Компенсационный пакет: спецодежда;
• Место работы: Омская обл., Усть-Ишимский р-н, с. Усть-Ишим, ул. Комсомольская, д.69а",-,Рабочие,Полная занятость,Сменный график,Производство,lp.smutok@sveza.com,• lp.smutok@sveza.com  [color=violet](эл пи точка смуток собака свеза точка ком)[/color],
6,СВЕЗА Уральский,Уральский,Токарь-расточник,"• Среднее профессиональное образование;
• Опыт работы связанный с токарной обработкой деталей от 1-го года;
• Умение проводить токарные работы, управлять токарно-центровыми станками.

","• Токарная обработка и доводка деталей, узлов и инструментов на токарных станках;
• Обтачивание наружных и внутренних фасонных поверхностей и поверхностей, сопряженных с криволинейными цилиндрическими поверхностями, с труднодоступными для обработки и измерений местами;
• Нарезание и накатка многозаходных резьб различного профиля и шага;
• Токарная обработка новых и переточка выработанных прокатных валов с калибровкой сложного профиля.","• Работа в крупной динамично развивающейся компании, лидере на рынке деревообработки в России;
• Перспектива профессионального и карьерного роста;
• Трудоустройство в соответствии с ТК РФ;
• Компенсационный пакет: спецодежда, ДМС, питание;
• Служебная развозка (п. Новоильинский, г. Нытва);
• Место работы: пос. Уральский, ул. Московская, д. 1 А",28 000,Рабочие,Полная занятость,Полный день,Техническое развитие ,ml.turova@sveza.com,• ml.turova@sveza.com  [color=violet](эм эл точка турова собака свеза точка ком)[/color],
7,СВЕЗА Уральский,Уральский,Фрезеровщик,"• Среднее профессиональное образование;
• Опыт работы связанный с фрезерованием деталей от 1-го года.","• Фрезерование деталей и инструмента на горизонтальных и вертикальных фрезерных станках с применением нормального режущего инструмента и универсальных приспособлений, а также методом совмещенной плазменно-механической обработки;
• Обработка несложных крупных деталей  на многошпиндельных продольно-фрезерных станках с одновременной обработкой двух или трех поверхностей и предварительная обработка более сложных деталей;
• Наладка станков, плазменной установки, плазмотрона на совмещенную обработку;
• Выполнение расчетов для фрезерования зубьев шестерен.","• Работа в крупной динамично развивающейся компании, лидере на рынке деревообработки в России;
• Перспектива профессионального и карьерного роста;
• Трудоустройство в соответствии с ТК РФ;
• Компенсационный пакет: спецодежда, ДМС, питание;
• Служебная развозка (п. Новоильинский, г. Нытва);
• Место работы: пос. Уральский, ул. Московская, д. 1 А",30 000,Рабочие,Полная занятость,Полный день,Техническое развитие ,ml.turova@sveza.com,• ml.turova@sveza.com  [color=violet](эм эл точка турова собака свеза точка ком)[/color],
8,СВЕЗА Уральский,Уральский,Слесарь-ремонтник,"• Среднее профессиональное образование;
• Знание слесарного дела;
• Опыт работы от года.","• Ремонт, обслуживание и содержание в исправном состоянии технологического оборудования;
• Испытание, регулирование, наладка оборудования;
• Выявление и устранение неполадок и дефектов во время эксплуатации оборудования;
• Соблюдение правил промышленной безопасности, охраны труда и противопожарной безопасности.","• Работа в крупной динамично развивающейся компании, лидере на рынке деревообработки в России;
• Перспектива профессионального и карьерного роста;
• Трудоустройство в соответствии с ТК РФ;
• Компенсационный пакет: спецодежда, ДМС, питание;
• Служебная развозка (п. Новоильинский, г. Нытва);
• Место работы: пос. Уральский, ул. Московская, д. 1 А",25 400,Рабочие,Полная занятость,Полный день,Техническое развитие ,ml.turova@sveza.com,• ml.turova@sveza.com  [color=violet](эм эл точка турова собака свеза точка ком)[/color],
9,СВЕЗА Уральский,Уральский,Стажер службы по организационному развитию и персоналу,"• Студент 3-5 курса, бакалавр, магистр любого ВУЗа и факультета;
• Доброжелательность, высокая клиентоориентированность,  открытость, внимательность, обучаемость;
• Владение ПК – MS Office.
","• Участие проекте по совершенствованию системы наставничества и адаптации;
• Соблюдение правил охраны труда, промышленной безопасности и техники безопасности.","• Работа в крупной динамично развивающейся компании, лидере на рынке деревообработки в России;
• Рекомендательное письмо по итогам стажировки;
• Трудоустройство в соответствии с ТК РФ на период стажировки (июнь-август);
• Компенсационный пакет: спецодежда, ДМС;
• На период стажировки проживание в п. Уральский Нытвенского р-на, иногородним предоставляется жилье;                                                                                                      • Служебная развозка до комбината из п. Новоильинский, г. Нытва. ",15000 руб. ,РСС,Полная занятость,Полный день,"Начальный уровень, Мало опыта ",ml.turova@sveza.com,• ml.turova@sveza.com  [color=violet](эм эл точка турова собака свеза точка ком)[/color],
10,СВЕЗА Уральский,Уральский,Стажер службы по технологии и качеству ,"• Студент 3-5 курса, бакалавр, магистр любого ВУЗа и факультета;
• Доброжелательность, высокая клиентоориентированность,  открытость, внимательность, обучаемость;
• Владение ПК – MS Office.","• Участие проекте по изучению и разработке стандартных операционных процедур на всех типах оборудования производства обработки фанеры;
• Соблюдение правил охраны труда, промышленной безопасности и техники безопасности.","• Работа в крупной динамично развивающейся компании, лидере на рынке деревообработки в России;
• Рекомендательное письмо по итогам стажировки;
• Трудоустройство в соответствии с ТК РФ на период стажировки (июнь-август);
• Компенсационный пакет: спецодежда, ДМС;
• На период стажировки проживание в п. Уральский Нытвенского р-на, иногородним предоставляется жилье;                                                                                                      • Служебная развозка до комбината из п. Новоильинский, г. Нытва. ",15000 руб. ,РСС,Полная занятость,Полный день,"Начальный уровень, Мало опыта ",ml.turova@sveza.com,• ml.turova@sveza.com  [color=violet](эм эл точка турова собака свеза точка ком)[/color],
11,СВЕЗА Уральский,Уральский,Стажер технической службы,"• Студент 3-5 курса, бакалавр, магистр любого ВУЗа и факультета;
• Доброжелательность, высокая клиентоориентированность,  открытость, внимательность, обучаемость;
• Владение ПК – MS Office.","• Участие проектах по стандартизации технической документации и внедрении диагностики неразрушающего контроля                                                          • Соблюдение правил охраны труда, промышленной безопасности и техники безопасности.","• Работа в крупной динамично развивающейся компании, лидере на рынке деревообработки в России;
• Рекомендательное письмо по итогам стажировки;
• Трудоустройство в соответствии с ТК РФ на период стажировки (июнь-август);
• Компенсационный пакет: спецодежда, ДМС;
• На период стажировки проживание в п. Уральский Нытвенского р-на, иногородним предоставляется жилье;                                                                                                      • Служебная развозка до комбината из п. Новоильинский, г. Нытва. ",15000 руб. ,РСС,Полная занятость,Полный день,"Начальный уровень, Мало опыта ",ml.turova@sveza.com,• ml.turova@sveza.com  [color=violet](эм эл точка турова собака свеза точка ком)[/color],
12,СВЕЗА Уральский,Уральский,"Стажер службы по охране труда, промышленной безопасности и экологии","• Студент 3-5 курса, бакалавр, магистр любого ВУЗа и факультета;
• Доброжелательность, высокая клиентоориентированность,  открытость, внимательность, обучаемость;
• Владение ПК – MS Office.
","• Участие проекте по вывозу и утилизации отходов;
• Соблюдение правил охраны труда, промышленной безопасности и техники безопасности.","• Работа в крупной динамично развивающейся компании, лидере на рынке деревообработки в России;
• Рекомендательное письмо по итогам стажировки;
• Трудоустройство в соответствии с ТК РФ на период стажировки (июнь-август);
• Компенсационный пакет: спецодежда, ДМС;
• На период стажировки проживание в п. Уральский Нытвенского р-на, иногородним предоставляется жилье;                                                                                                      • Служебная развозка до комбината из п. Новоильинский, г. Нытва. ",15000 руб. ,РСС,Полная занятость,Полный день,"Начальный уровень, Мало опыта ",ml.turova@sveza.com,• ml.turova@sveza.com  [color=violet](эм эл точка турова собака свеза точка ком)[/color],
13,СВЕЗА Уральский,Уральский,Стажер производства шпона и фанеры (летние стажировки) - студент,"• Студент 3-5 курса, бакалавр, магистр любого ВУЗа и факультета;
• Доброжелательность, высокая клиентоориентированность,  открытость, внимательность, обучаемость;
• Владение ПК – MS Office.
","• Участие в проектах:
 - по определению критичных технологических параметров в производстве обработки фанеры;
- по разработке стандартных операционных процедур на всех типах оборудования производства обработки фанеры;
- по разработке документов и внедрении TPM (Total Productive Maintenance) в условиях действующего производства.
• Соблюдение правил охраны труда, промышленной безопасности и техники безопасности.","• Работа в крупной динамично развивающейся компании, лидере на рынке деревообработки в России;
• Рекомендательное письмо по итогам стажировки;
• Трудоустройство в соответствии с ТК РФ на период стажировки (июнь-август);
• Компенсационный пакет: спецодежда, ДМС;
• На период стажировки проживание в п. Уральский Нытвенского р-на, иногородним предоставляется жилье;                                                                                                      • Служебная развозка до комбината из п. Новоильинский, г. Нытва. ",15000 руб. ,РСС,Полная занятость,Полный день,"Начальный уровень, Мало опыта ",ml.turova@sveza.com,• ml.turova@sveza.com  [color=violet](эм эл точка турова собака свеза точка ком)[/color],
14,СВЕЗА Уральский,Уральский,Инженер-электроник,"• Среднее специальное техническое образование;
• Опыт работы связанный с обслуживанием электронной техники от 2-х лет.","• Поддержка в исправном состоянии обслуживаемых устройств и оборудования, правильная их эксплуатация, своевременный качественный ремонт;
• Диагностика и ремонт производственного оборудования, электронно-механических проблем и неисправностей на оборудовании;
• Наладка элементов и блоков электронно-вычислительных машин, радиоэлектронной аппаратуры;
• Учет и анализ показателей использования электронного оборудования.","• Работа в крупной динамично развивающейся компании, лидере на рынке деревообработки в России;
• Перспектива профессионального и карьерного роста;
• Трудоустройство в соответствии с ТК РФ;
• Компенсационный пакет: спецодежда, ДМС, питание;
• Служебная развозка (п. Новоильинский, г. Нытва);
• Место работы: пос. Уральский, ул. Московская, д. 1 А",39600 руб.,РСС,Полная занятость,Полный день,Техническое развитие ,ml.turova@sveza.com,• ml.turova@sveza.com  [color=violet](эм эл точка турова собака свеза точка ком)[/color],
15,СВЕЗА Тюмень,Тюмень,Сборщик,"• Среднее образование;
• Знания технологии производства фанеры, видов и причин технического брака на выпускаемую продукцию, меры его устранения;
• Опыт работы на любых автоматических линиях, современных станках.


","• Набор клеевого пакета;
• Выгрузка набранных пакетов в пресс;
• Контроль качества входящего/выходящего продукта;
• Выполнение плана с соответствующим выходным качеством продукции;
• Соблюдение правил охраны труда, промышленной безопасности и техники безопасности.","• Работа в крупной динамично развивающейся компании, лидере на рынке деревообработки в России;
• Перспектива профессионального и карьерного роста;
• Трудоустройство в соответствии с ТК РФ;
• Компенсационный пакет: спецодежда;
• Служебная развозка (ДОК, Войновка, ММС, Ембаево);
• Место работы: г. Тюмень, ул. Камчатская, д.196",от 27 000,Рабочие,Полная занятость,Сменный график,Производство,lp.smutok@sveza.com,• lp.smutok@sveza.com  [color=violet](эл пи точка смуток собака свеза точка ком)[/color],
16,СВЕЗА Тюмень,Тюмень,Сортировщик шпона и фанеры ,"• Среднее образование;
• Опыт работы на автоматических линиях, современных станках.","• Осуществление процесса сортировки шпона по качественным признакам, порокам древесины и дефектам обработки;
• Соблюдение правил охраны труда, промышленной безопасности и техники безопасности.","• Работа в крупной динамично развивающейся компании, лидере на рынке деревообработки в России;
• Перспектива профессионального и карьерного роста;
• Трудоустройство в соответствии с ТК РФ;
• Компенсационный пакет: спецодежда;
• Служебная развозка (ДОК, Войновка, ММС, Ембаево);
• Место работы: г. Тюмень, ул. Камчатская, д.196",от 27 000,Рабочие,Полная занятость,Сменный график,Производство,lp.smutok@sveza.com,• lp.smutok@sveza.com  [color=violet](эл пи точка смуток собака свеза точка ком)[/color],1
17,СВЕЗА Тюмень,Тюмень,Починщик шпона и фанеры,"• Среднее образование;
• Приветствуется опыт работы на любых автоматических линиях, современных станках.","• Осуществление процесса починки шпона на станке;
• Заправка починочных полос шпона в станок;
• Скрепление степлером трещин в шпоне;
•  Участие в устранении неполадок в работе станка, уборка обслуживаемого оборудования;
• Соблюдение правил охраны труда, промышленной безопасности и техники безопасности.","• Работа в крупной динамично развивающейся компании, лидере на рынке деревообработки в России;
• Перспектива профессионального и карьерного роста;
• Трудоустройство в соответствии с ТК РФ;
• Компенсационный пакет: спецодежда;
• Служебная развозка (ДОК, Войновка, ММС, Ембаево);
• Место работы: г. Тюмень, ул. Камчатская, д.196",от 27 000,Рабочие,Полная занятость,Сменный график,Производство,lp.smutok@sveza.com,• lp.smutok@sveza.com  [color=violet](эл пи точка смуток собака свеза точка ком)[/color],
18,СВЕЗА Тюмень,Тюмень,Оператор производственной линии,"• Среднее образование;
• Опыт работы на автоматических станках/промышленном оборудовании  будет являться преимуществом.","• Работа на промышленном оборудовании (автоматической линии);
• Обеспечение выполнения плана по  выпуску продукта (фанеры);
• Контроль качества входящего/выходящего продукта (фанеры);
• Проведение профилактической уборки оборудования;
• Соблюдение правил охраны труда, промышленной безопасности и техники безопасности.","• Работа в крупной динамично развивающейся компании, лидере на рынке деревообработки в России;
• Перспектива профессионального и карьерного роста;
• Трудоустройство в соответствии с ТК РФ;
• Компенсационный пакет: спецодежда;
• Служебная развозка (ДОК, Войновка, ММС, Ембаево);
• Место работы: г. Тюмень, ул. Камчатская, д.196",от 27 000,Рабочие,Полная занятость,Сменный график,Производство,lp.smutok@sveza.com,• lp.smutok@sveza.com  [color=violet](эл пи точка смуток собака свеза точка ком)[/color],1
19,СВЕЗА Тюмень,Тюмень,Слесарь по ремонту,"• Начальное профессиональное образование;
• Знание слесарного дела;
• Опыт работы от 1 года.","• Проверка технического состояния оборудования;
• Ремонт, монтаж, демонтаж, испытание, регулирование, наладка оборудования;
• Выявление и устранение неполадок и дефектов во время эксплуатации оборудования и при проверке в процессе ремонта;
• Слесарная обработка деталей и узлов с применением оборудования, приспособлений и инструментов слесарной мастерской;
• Определение неисправностей в работе механизмов и устранение их.
","• Работа в крупной динамично развивающейся компании, лидере на рынке деревообработки в России;
• Перспектива профессионального и карьерного роста;
• Трудоустройство в соответствии с ТК РФ;
• Компенсационный пакет: спецодежда;
• Служебная развозка (ДОК, Войновка, ММС, Ембаево);
• Место работы: г. Тюмень, ул. Камчатская, д.196",от 34 000,Рабочие,Полная занятость,Полный день,Техническое развитие ,lp.smutok@sveza.com,• lp.smutok@sveza.com  [color=violet](эл пи точка смуток собака свеза точка ком)[/color],1
20,СВЕЗА Тюмень,Тюмень,Кладовщик,"• Среднее профессиональное образование;
• Стаж работы в области складского хозяйства не менее 1 года;
• Навыки работы на компьютере;                                                            •  Опыт управления автопогрузчиком будет преимуществом.","• Приемка готовой продукции на склад;
• Ввод данных  в информационную сеть ежедневно;
• Размещение готовой продукции;
• Обеспечение сохранности материальных ценностей;
• Проверка маркировки и упаковки готовой продукции;
• Снятие наличия готовой продукции на складе;
• Ежесменное оформление приходных и расходных накладных, выборочная проверка листов в пачках фанеры, поступающей на склад;
• Руководство работой по погрузке, выгрузке готовой продукции.","• Работа в крупной динамично развивающейся компании, лидере на рынке деревообработки в России;
• Перспектива профессионального и карьерного роста;
• Трудоустройство в соответствии с ТК РФ;
• Компенсационный пакет: спецодежда;
• Служебная развозка (ДОК, Войновка, ММС, Ембаево);
• Место работы: г. Тюмень, ул. Камчатская, д.196",от 29 000,Рабочие,Полная занятость,Сменный график,Закупки и логистика,lp.smutok@sveza.com,• lp.smutok@sveza.com  [color=violet](эл пи точка смуток собака свеза точка ком)[/color],1
21,СВЕЗА Тюмень,Тюмень,Слесарь-электрик  ,"• Среднее профессиональное образование;
• Опыт работы по специальности не менее  2- х  лет;
• Группа по электробезопасности IV.","• Обеспечение исправного состояния, безаварийную и  надёжную работу обслуживаемых устройств и оборудования, правильную их эксплуатацию, своевременный и качественный ремонт  оборудования;
• Соблюдение правил охраны труда, промышленной безопасности и техники безопасности;
• Оказание помощи в монтаже, ремонте и наладке  устройств и систем автоматического управления и регулирования технологических процессов.                                                                    ","• Работа в крупной динамично развивающейся компании, лидере на рынке деревообработки в России;
• Перспектива профессионального и карьерного роста;
• Трудоустройство в соответствии с ТК РФ;
• Компенсационный пакет: спецодежда;
• Служебная развозка (ДОК, Войновка, ММС, Ембаево);
• Место работы: г. Тюмень, ул. Камчатская, д.196",от 34 000,Рабочие,Полная занятость,Сменный график,Техническое развитие ,lp.smutok@sveza.com,• lp.smutok@sveza.com  [color=violet](эл пи точка смуток собака свеза точка ком)[/color],
22,СВЕЗА Тюмень,Тюмень,Машинист рубительной машины,"• Среднее образование;
• Опыт работы на любых автоматических линиях, современных станках.","• Работа на рубительной машине;
• Замена ножей и линейки;
• Выполнение плановых заданий и соблюдение технологических процессов;
• Поддержание технического состояния, бесперебойной работы и безопасной эксплуатации рабочего оборудования, систем и механизмов;
• Соблюдение правил охраны труда, промышленной безопасности и техники безопасности;
• Уборка и поддержание порядка на участке;
• Участие во внедрении инструментов и методов Бережливого производства.","• Работа в крупной динамично развивающейся компании, лидере на рынке деревообработки в России;
• Перспектива профессионального и карьерного роста;
• Трудоустройство в соответствии с ТК РФ;
• Компенсационный пакет: спецодежда;
• Служебная развозка (ДОК, Войновка, ММС, Ембаево);
• Место работы: г. Тюмень, ул. Камчатская, д.196",22 000,Рабочие,Полная занятость,Сменный график,Производство,lp.smutok@sveza.com,• lp.smutok@sveza.com  [color=violet](эл пи точка смуток собака свеза точка ком)[/color],
23,СВЕЗА Тюмень,Тюмень,Техник по ремонту и обслуживанию зданий и сооружений,"• Среднее профессиональное по специальности ""Каменщик"", ""Отделочник"", ""Сантехник"" или ""Электрик"";
• Опыт работы от 5 до 10 лет в строительстве.
•  Умение читать чертежи. ","•  Выполнение общестроительных работ. Умение выполнять кирпичную кладку стен, перегородок;
• Выполнение столярных работ. Небольшой ремонт фурнитуры дверных блоков и т.п.;
•  Выполнение санитарно-технических работ. Замена водопроводных кранов, вентилей, подводок, соединений внутренних инженерных сетей;
• Выполнение отделочных работ. Небольшой ремонт отделочных покрытий внутренних стен в помещениях;
•  Выполнение электротехнических работ. Замена выключателей, розеток, лампочек.","• Работа в крупной динамично развивающейся компании, лидере на рынке деревообработки в России;
• Перспектива профессионального и карьерного роста;
• Трудоустройство в соответствии с ТК РФ;
• Компенсационный пакет: спецодежда;
• Служебная развозка (ДОК, Войновка, ММС, Ембаево);
• Место работы: г. Тюмень, ул. Камчатская, д.196",-,Рабочие,Полная занятость,Сменный график,Производство,lp.smutok@sveza.com,• lp.smutok@sveza.com  [color=violet](эл пи точка смуток собака свеза точка ком)[/color],
24,СВЕЗА Тюмень,Тюмень,Вентелевой гидравлического пресса,"• Среднее образование;
• Опыт работы в деревообработке будет являться преимуществом.","• Управление прессом и вспомогательным оборудованием;
• Контроль процесса прессования и качества продукта;
• Выполнение плана с соответствующим выходным качеством продукции ;
• Соблюдение правил охраны труда, промышленной безопасности и техники безопасности.","• Работа в крупной динамично развивающейся компании, лидере на рынке деревообработки в России;
• Перспектива профессионального и карьерного роста;
• Трудоустройство в соответствии с ТК РФ;
• Компенсационный пакет: спецодежда;
• Служебная развозка (ДОК, Войновка, ММС, Ембаево);
• Место работы: г. Тюмень, ул. Камчатская, д.196",-,Рабочие,Полная занятость,Сменный график,Производство,lp.smutok@sveza.com,• lp.smutok@sveza.com  [color=violet](эл пи точка смуток собака свеза точка ком)[/color],
25,СВЕЗА Тюмень,Тюмень,Станочник ребросклеивающего станка,"• Среднее образование;
• Опыт работы приветствуется, но необязателен. ","• Обеспечение подачи неформатного шпона из стоп на конвейер;
• Осуществления контроля за процессом ребросклеивания;
• Обеспечение устранение дефектов ребросклеивания;
• Соблюдение правил охраны труда, промышленной безопасности и техники безопасности.","• Работа в крупной динамично развивающейся компании, лидере на рынке деревообработки в России;
• Перспектива профессионального и карьерного роста;
• Трудоустройство в соответствии с ТК РФ;
• Компенсационный пакет: спецодежда;
• Служебная развозка (ДОК, Войновка, ММС, Ембаево);
• Место работы: г. Тюмень, ул. Камчатская, д.196",-,Рабочие,Полная занятость,Сменный график,Производство,lp.smutok@sveza.com,• lp.smutok@sveza.com  [color=violet](эл пи точка смуток собака свеза точка ком)[/color],
26,СВЕЗА Тюмень,Тюмень,Электросварщик,"• Среднее профессиональное образование;
• Опыт выполнения сварочных работ не менее 6 месяцев.","• Выполнение сварки сложных и ответственных аппаратов, узлов, технологических конструкций и трубопроводов из различных сталей, цвет. металлов и сплавов;
• Наплавка дефектов деталей машин, механизмов и конструкций;
• Наплавка деталей и узлов;
• Соблюдение правил охраны труда, промышленной безопасности и техники безопасности.","• Работа в крупной динамично развивающейся компании, лидере на рынке деревообработки в России;
• Перспектива профессионального и карьерного роста;
• Трудоустройство в соответствии с ТК РФ;
• Компенсационный пакет: спецодежда;
• Служебная развозка (ДОК, Войновка, ММС, Ембаево);
• Место работы: г. Тюмень, ул. Камчатская, д.196",-,Рабочие,Полная занятость,Сменный график,Производство,lp.smutok@sveza.com,• lp.smutok@sveza.com  [color=violet](эл пи точка смуток собака свеза точка ком)[/color],
27,СВЕЗА Тюмень,Тюмень,Стажер производства шпона,"Наши ожидания:
• Студент 3-4 курса, бакалавр, магистр любого ВУЗа (студент ТИУ, ГАУСУЗ будет иметь преимущество);
• Коммуникабельность, открытость, внимательность;
• Владение ПК – MS Office.
","Проекты и зона ответственности:
• Изучение и разработка стандартных операционных процедур на ключевых единицах оборудования производства шпона;
• Участие в разработке документов и внедрении TPM (Total Productive Maintenance) в условиях действующего производства.
","• Возможность получения опыта в крупной российской компании, ведущей бизнес в 80 странах мира;
• Конкурентное вознаграждение;
• Рекомендательное письмо по итогам стажировки;
• Обучение и участие в проектах компании.
",15 000,РСС,Стажировка,Гибкий график,"Начальный уровень, Мало опыта ",lp.smutok@sveza.com,• lp.smutok@sveza.com  [color=violet](эл пи точка смуток собака свеза точка ком)[/color],
28,СВЕЗА Тюмень,Тюмень,Стажер производства фанеры  ,"Наши ожидания:
• Студент 3-4 курса, бакалавр, магистр любого ВУЗа (студент ТИУ, ГАУСУЗ будет иметь преимущество);
• Коммуникабельность, открытость, внимательность;
• Владение ПК – MS Office.
","
Проекты и зона ответственности:
• Изучение и разработка стандартных операционных процедур на ключевых единицах оборудования производства фанеры;
• Участие в разработке документов и внедрении TPM (Total Productive Maintenance) в условиях действующего производства.
","• Возможность получения опыта в крупной российской компании, ведущей бизнес в 80 странах мира;
• Конкурентное вознаграждение;
• Рекомендательное письмо по итогам стажировки;
• Обучение и участие в проектах компании.
",15 000,РСС,Стажировка,Гибкий график,"Начальный уровень, Мало опыта ",lp.smutok@sveza.com,• lp.smutok@sveza.com  [color=violet](эл пи точка смуток собака свеза точка ком)[/color],
29,СВЕЗА Тюмень,Тюмень,Стажер службы по организационному развитию и персоналу,"Наши ожидания:
• Студент 3-4 курса, бакалавр, магистр любого ВУЗа (специалисты факультетов ВУЗов связи с общественностью, управление персоналом будут иметь преимущество);
• Коммуникабельность, открытость, внимательность;
• Развитые аналитические способности;
• Владение ПК – MS Office.
","Проекты и зона ответственности:
•  Оценка процесса адаптации;
•  Контроль качества адаптационных планов;
•  Анализ нежелательной текучести.","• Возможность получения опыта в крупной российской компании, ведущей бизнес в 80 странах мира;
• Конкурентное вознаграждение;
• Рекомендательное письмо по итогам стажировки;
• Обучение и участие в проектах компании.
",15 000,РСС,Стажировка,Гибкий график,"Начальный уровень, Мало опыта ",lp.smutok@sveza.com,• lp.smutok@sveza.com  [color=violet](эл пи точка смуток собака свеза точка ком)[/color],
30,СВЕЗА Тюмень,Тюмень,Стажер службы по планированию производства,"Наши ожидания:
• Студент 3-4 курса, бакалавр, магистр любого ВУЗа (студент ТГУ, ТИУ, ГАУСУЗ будет иметь преимущество);
• Коммуникабельность, открытость, внимательность;
• Владение ПК – MS Office.
","Проекты и зона ответственности:
• Анализ выполнения производственных показателей для целей премирования и причин отклонений от целевых значений;
• Балансировка производственных мощностей.
","• Возможность получения опыта в крупной российской компании, ведущей бизнес в 80 странах мира;
• Конкурентное вознаграждение;
• Рекомендательное письмо по итогам стажировки;
• Обучение и участие в проектах компании.
",15 000,РСС,Стажировка,Гибкий график,"Начальный уровень, Мало опыта ",lp.smutok@sveza.com,• lp.smutok@sveza.com  [color=violet](эл пи точка смуток собака свеза точка ком)[/color],
31,СВЕЗА Тюмень,Тюмень,"Стажер службы по охране труда, промышленной безопасности и экологии","Наши ожидания:
• Студент 4 курса, бакалавр, магистр любого ВУЗа (студент ТИУ, ГАУСУЗ будет иметь преимущество);
• Коммуникабельность, открытость, внимательность;
• Владение ПК – MS Office.
","Проекты и зона ответственности:
• Разработка руководства системы управления охраны труда на Тюменском фанерном заводе (СВЕЗА Тюмень).
","• Возможность получения опыта в крупной российской компании, ведущей бизнес в 80 странах мира;
• Конкурентное вознаграждение;
• Рекомендательное письмо по итогам стажировки;
• Обучение и участие в проектах компании.
",15 000,РСС,Стажировка,Гибкий график,"Начальный уровень, Мало опыта ",lp.smutok@sveza.com,• lp.smutok@sveza.com  [color=violet](эл пи точка смуток собака свеза точка ком)[/color],
32,СВЕЗА Тюмень,Тюмень,Водитель автомобиля (автобуса),"• Среднее полное образование;
•  Наличие водительского удостоверения с открытыми категориями B, C, D;
• Обязателен опыт работы на аналогичной позиции не менее 1 года;
• Пунктуальность;
• Опрятность.
","• Управление автобусом ПАЗ 3205 при перевозке людей;
• Соблюдения графика маршрута при перевозке работников;
• Ежесменное техническое обслуживание автобуса;
